Entidad,1985,1986,1987,1988,1989,1990,1991,1992,1993,1994,1995,1996,1997,1998,1999,2000,2001,2002,2003,2004,2005,2006,2007,2008,2009,2010,2011,2012,2013,2014,2015,2016,2017,2018,2019,2020,2021,2022,2023,2024
Total,"34,114","38,827","45,323","47,464","46,039","46,481","50,001","51,953","32,483","35,029","37,455","38,545","40,792","45,889","49,271","52,358","57,370","60,641","64,248","67,575","70,184","72,396","77,255","81,851","84,302","86,042","91,285","99,509","108,727","113,478","123,883","139,807","147,581","156,556","160,107","92,739","149,675","166,766","163,587","161,932"
Aguascalientes,211,237,261,249,289,330,380,367,389,445,460,480,600,658,761,780,950,980,"1,128","1,235","1,226","1,191","1,084","1,302","1,306","1,427","1,194","1,417","1,522","1,351","1,736","3,607","3,607","3,542","3,367","2,953","3,558","3,252","3,368","3,154"
Baja California,"1,469","1,812","1,385","1,840","1,803","1,610","1,711","2,031","1,817","1,678","1,148","1,320","1,368","1,617","1,640","1,858","2,595","2,959","3,457","3,803","4,531","4,317","3,263","3,359","3,149","3,123","3,410","3,294","3,378","3,037","3,649","3,686","3,223","3,889","4,144","1,587","4,083","4,718","4,787","4,038"
Baja California Sur,210,202,269,238,232,269,318,266,247,252,354,368,358,433,412,425,477,535,520,567,577,557,609,752,690,564,712,744,837,731,739,899,881,"1,067","1,036",770,"1,181","1,150","1,042","1,024"
Campeche,219,218,175,236,219,240,293,289,326,370,353,405,439,537,567,560,591,627,678,731,761,828,779,841,890,934,991,"1,138","1,192","1,361","1,218","2,579","2,168","2,011","2,544","1,529","3,008","3,111","3,133","3,183"
Coahuila de Zaragoza,"1,524","1,415","2,086","2,035","2,109","2,009","2,192","2,216","1,092","1,136","1,279","1,293","1,447","1,760","1,699","1,933","1,788","1,873","1,987","2,169","2,525","2,982","3,173","3,333","3,581","3,261","3,392","3,668","5,518","7,166","6,184","5,964","4,650","6,280","7,522","6,230","8,268","7,456","7,060","7,185"
Colima,80,186,312,479,563,504,565,603,279,252,318,411,528,447,467,498,565,574,628,732,673,741,849,862,946,924,873,658,745,893,882,"1,073","1,311","1,255","1,241",739,958,"1,183","1,172","1,003"
Chiapas,"1,570","1,606","2,016","2,074","1,749","1,648","1,555","1,497",738,743,786,800,878,883,"1,370","1,202",956,"1,048","1,173","1,260","1,343","1,457","1,529","1,618","1,588","1,722","1,852","2,120","2,103","2,301","2,548","2,420","2,729","2,717","3,085","1,186","3,687","4,362","4,266","4,185"
Chihuahua,"2,492","3,475","3,849","4,103","3,832","4,062","4,338","4,562","2,331","2,348","2,578","2,695","3,149","3,468","3,758","3,727","4,151","4,297","4,520","4,653","5,004","4,077","4,667","4,804","4,810","5,174","5,694","6,203","6,190","5,918","7,076","8,392","8,930","8,976","8,897","5,027","8,324","8,136","7,483","7,684"
Ciudad de México,"3,326","4,281","4,891","5,525","5,505","5,610","5,871","6,375","5,786","6,609","6,831","6,904","6,410","6,806","7,263","7,265","7,724","7,691","7,418","6,785","7,106","6,924","7,035","7,692","9,386","11,053","11,385","11,105","11,030","10,233","12,214","12,780","12,631","12,720","12,221","5,134","8,483","11,682","10,530","10,192"
Durango,665,500,713,651,668,608,797,748,607,603,764,723,889,930,946,"1,054","1,047","1,128","1,114","1,119","1,156","1,359","1,417","1,304","1,342","1,379","1,435","1,613","1,585","1,751","1,935","1,780","2,083","2,068","1,988","1,219","2,111","2,006","1,839","2,005"
Guanajuato,"1,220","1,359","1,555","1,632","1,554","1,600","1,922","2,163",779,891,812,"1,088","1,241","1,647","1,895","2,077","2,168","2,395","2,803","2,825","3,350","3,601","3,933","4,294","4,398","4,464","4,741","4,806","5,780","6,279","7,383","8,223","8,703","9,545","10,550","7,561","9,211","9,272","8,018","7,645"
Guerrero,330,432,734,578,531,573,943,"1,003",490,481,605,626,612,758,800,915,"1,003","1,152","1,148","1,124","1,219","1,178","1,391","1,198","1,194","1,344","1,319","1,683","2,329","2,154","2,006","2,697","3,192","3,613","3,679","1,578","2,905","4,737","4,032","3,895"
Hidalgo,295,357,554,678,569,608,534,566,301,326,336,356,363,362,369,458,614,557,603,534,704,754,822,925,"1,313","1,301","1,390","1,916","2,261","2,528","2,567","2,463","2,628","2,785","3,465","2,113","3,385","4,135","3,968","3,959"
Jalisco,"2,002","2,276","2,903","2,868","2,892","2,885","3,184","3,517","2,099","2,055","2,011","1,555","1,853","2,216","2,418","2,566","3,041","3,073","2,999","3,172","3,270","3,724","4,288","4,429","4,167","4,340","4,392","4,283","4,211","4,322","4,222","4,732","4,721","4,944","5,444","3,713","6,417","7,240","7,961","7,816"
México,"2,449","2,848","3,531","3,728","3,484","3,723","3,879","4,402","2,062","2,642","3,209","3,672","3,736","4,569","5,270","6,032","6,510","6,816","7,311","7,571","7,431","7,716","7,894","7,975","8,184","8,304","8,937","12,890","18,253","18,968","19,944","20,026","20,426","19,409","20,295","8,920","11,258","15,992","17,513","15,061"
Michoacán de Ocampo,"1,173","1,348","1,823","1,762","1,643","1,586","1,752","1,722",942,980,"1,118","1,335","1,356","1,547","1,645","1,555","2,099","2,124","2,410","2,639","2,648","2,798","2,810","2,765","2,863","2,887","3,343","3,586","3,595","3,534","4,046","4,432","4,908","5,235","5,680","3,468","5,641","6,200","5,989","5,687"
Morelos,461,676,797,943,834,914,"1,139",928,409,370,342,504,521,522,549,596,638,668,697,757,842,731,780,"1,006","1,067","1,218","1,322","1,391","1,341","1,349","1,535","1,479","1,221","1,407","1,694","1,048","2,209","2,299","2,487","2,406"
Nayarit,322,404,435,501,469,459,476,452,327,361,400,395,434,552,603,556,768,799,656,920,902,"1,050","1,106",913,886,903,942,"1,080","1,107","1,027","1,108","1,324","1,644","1,631","1,516",939,"1,518","1,559","1,471","1,553"
Nuevo León,"2,462","2,537","2,802","2,924","2,727","2,522","2,787","1,916","1,551","1,900","1,824","1,919","2,160","2,460","2,280","2,653","2,986","3,537","3,720","4,124","4,324","4,636","6,072","6,975","7,366","6,747","6,973","7,537","6,595","7,958","8,910","15,239","16,900","16,373","14,394","9,353","12,898","15,427","15,759","15,387"
Oaxaca,403,439,522,531,560,508,644,639,496,380,323,311,337,380,430,488,531,547,634,532,482,456,620,618,617,605,570,782,"1,037",992,"1,173","1,280","1,301","2,184","2,473","1,121","2,412","2,599","3,198","3,615"
Puebla,947,962,"1,144","1,213","1,219","1,407","1,665","1,874","1,051","1,156","1,381","1,188","1,109","1,369","1,522","1,652","1,775","1,776","1,877","1,833","1,899","1,951","2,132","2,203","2,206","2,342","2,429","2,892","3,100","3,207","2,919","2,651","3,916","4,313","3,971","1,848","4,072","5,295","4,270","6,127"
Querétaro,317,320,326,376,358,440,376,506,506,330,400,226,394,370,597,646,827,890,871,"1,004","1,144","1,339","1,384","1,487","1,327","1,498","1,614","1,623","2,113","2,237","2,654","2,767","3,240","2,866","2,725","2,839","3,180","3,296","3,008","4,168"
Quintana Roo,144,333,309,366,420,435,422,495,407,465,499,531,562,646,717,795,668,724,"1,000",921,994,"1,189","1,448","1,704","1,793","1,566","1,679","1,027","1,039","1,474","1,821","1,851","1,871","3,052","3,057","1,811","3,204","2,864","2,952","2,959"
San Luis Potosí,730,838,"1,070","1,047","1,016",936,948,862,338,426,512,522,598,726,800,755,906,996,958,986,"1,044","1,205","1,332","1,345","1,482","1,516","1,716","1,769","1,776","1,579","1,696","1,722","2,345","4,417","3,680","2,366","3,412","3,648","3,534","3,537"
Sinaloa,"1,115","1,552","1,774","1,816","1,712","1,798","1,846","1,821",988,"1,297","1,393","1,469","1,581","1,558","1,446","1,566","1,920","2,136","2,741","2,932","2,694","2,786","3,113","3,284","3,025","3,260","3,554","3,761","4,159","5,587","5,779","6,133","6,792","7,161","8,183","4,199","8,611","8,034","7,240","6,984"
Sonora,"1,112",960,"1,026","1,143","1,286","1,138","1,105","1,127","1,201","1,172","1,450","1,421","1,479","1,549","1,788","1,915","1,953","2,306","2,406","2,413","2,420","2,549","2,795","2,970","2,869","2,869","2,826","3,018","3,247","3,349","3,321","3,757","4,410","5,650","5,495","2,842","5,073","5,893","5,509","4,795"
Tabasco,942,"1,007","1,169","1,307","1,221","1,251","1,227","1,230",715,707,723,720,748,869,926,"1,003","1,108","1,171","1,300","1,360","1,298","1,479","1,371","1,714","1,849","1,589","1,700","1,815","1,551","1,694","1,705","1,715","1,612","1,720","2,038",815,"2,570","2,519","2,419","2,387"
Tamaulipas,"1,579","1,776","1,776","1,277","1,136","1,278","1,290","1,301","1,014","1,191","1,361","1,435","1,380","1,556","1,506","1,525","1,578","1,579","1,381","1,733","1,800","1,951","2,173","2,177","1,984","1,900","2,114","2,355","2,034","2,014","3,384","4,662","6,116","6,395","6,437","4,552","7,988","7,607","7,776","8,313"
Tlaxcala,157,159,176,188,252,323,374,319,129,144,151,117,120,111,103,145,140,159,140,98,128,176,245,341,298,313,401,452,487,558,558,667,630,734,761,530,965,"1,283","1,758","1,607"
Veracruz de Ignacio de la Llave,"2,531","2,557","2,993","3,015","3,001","3,050","3,177","3,315","1,659","1,835","2,097","2,217","2,418","2,809","2,830","3,022","3,163","3,206","3,290","3,474","3,324","3,473","3,718","4,070","4,032","4,022","4,441","4,605","4,853","4,266","4,407","4,461","3,942","3,909","3,351","1,957","3,698","4,409","4,786","5,215"
Yucatán,"1,218","1,288","1,501","1,569","1,477","1,435","1,383","1,817","1,007","1,068","1,093","1,017","1,133","1,136","1,180","1,331","1,334","1,461","1,807","2,544","2,291","2,034","2,169","2,350","2,279","2,055","2,460","2,476","1,923","1,792","2,676","2,303","2,453","2,433","2,564","1,214","2,833","2,788","2,657","2,825"
Zacatecas,439,467,446,572,709,722,908,"1,024",400,416,544,522,591,638,714,805,796,857,873,"1,025","1,074","1,187","1,254","1,241","1,415","1,438","1,484","1,802","1,836","1,868","1,888","2,043","2,397","2,255","2,610","1,578","2,554","2,614","2,602","2,338"
,,,,,,,,,,,,,,,,,,,,,,,,,,,,,,,,,,,,,,,,
,,,,,,,,,,,,,,,,,,,,,,,,,,,,,,,,,,,,,,,,
,,,,,,,,,,,,,,,,,,,,,,,,,,,,,,,,,,,,,,,,
,,,,,,,,,,,,,,,,,,,,,,,,,,,,,,,,,,,,,,,,
,,,,,,,,,,,,,,,,,,,,,,,,,,,,,,,,,,,,,,,,